1,Mrs.,Jessica,R,Hutchison,1968-12-21,F,JessicaHutchison@teleworm.us,51 Ross Street,(07) 5619 9817
2,Mr.,Jett,A,Boake,1943-05-27,M,JettBoake@armyspy.com,50 Patton Street,(03) 9893 8565
3,Ms.,Alana,J,Lambert,1962-11-04,F,AlanaLambert@superrito.com,19 Norton Street,(02) 9882 3236
4,Mrs.,Rebecca,D,Wiseman,1948-11-05,F,RebeccaWiseman@teleworm.us,10 Swanston Street,(03) 5304 5397
5,Mr.,Jack,A,Piguenit,1948-08-10,M,JackPiguenit@fleckens.hu,3 Mills Street,(07) 3313 4685
6,Mr.,Oliver,C,Lawry,1993-02-11,M,OliverLawry@armyspy.com,32 McGregor Street,(02) 6154 0603
7,Mr.,Jonathan,S,Trenerry,1937-07-11,M,JonathanTrenerry@fleckens.hu,90 Grandis Road,(02) 6777 9218
8,Mr.,Caleb,A,Buckmaster,1974-06-09,M,CalebBuckmaster@fleckens.hu,36 Cornish Street,(03) 8005 0613
9,Mr.,Mitchell,S,Sulman,1936-03-04,M,MitchellSulman@dayrep.com,80 Mackie Street,(02) 4068 1855
10,Ms.,Georgia,X,Seddon,1995-12-12,F,GeorgiaSeddon@teleworm.us,17 Porana Place,(08) 9073 1424
11,Mrs.,Sara,S,McLaurin,1984-01-27,F,SaraMcLaurin@cuvox.de,78 Wollombi Street,(02) 4926 8802
12,Mr.,Dean,A,Symon,1993-12-04,M,DeanSymon@rhyta.com,41 Isaac Road,(03) 6241 5658
13,Ms.,Lilly,H,Mellor,1995-11-18,F,LillyMellor@dayrep.com,81 Sale Street,(02) 4021 5412
14,Mr.,Nate,L,Stone-Wigg,1939-02-28,M,NateStone-Wigg@cuvox.de,7 Chapman Avenue,(02) 4767 0471
15,Ms.,Molly,J,Long,1995-10-23,F,MollyLong@einrot.com,66 Cherokee Road,(03) 5389 0194
16,Ms.,Sarah,J,Considen,1950-06-16,F,SarahConsiden@teleworm.us,95 Austin Road,(08) 8999 3168
17,Mr.,Ashton,L,Jevons,1959-04-18,M,AshtonJevons@superrito.com,91 Prince Street,(02) 6709 6693
18,Mrs.,Alicia,J,Bee,1971-05-06,F,AliciaBee@gustr.com,98 Link Road,(03) 6228 5132
19,Mr.,Nathan,S,Badger,1964-07-13,M,NathanBadger@dayrep.com,56 Barker Street,(08) 9032 2586
20,Mr.,Sebastian,L,Frith,1968-07-06,M,SebastianFrith@rhyta.com,90 Bayview Road,(08) 8733 3434
21,Ms.,Claudia,F,Bigge,1974-08-13,F,ClaudiaBigge@armyspy.com,20 Shell Road,(03) 5379 0433
22,Mr.,Alex,P,Wenz,1950-06-09,M,AlexWenz@gustr.com,34 Wagga Road,(02) 6141 6599
23,Mr.,Hunter,P,Blackmore,1955-09-13,M,HunterBlackmore@teleworm.us,85 Gloucester Avenue,(08) 8378 1003
24,Mr.,Hunter,K,Edmunds,1961-07-17,M,HunterEdmunds@teleworm.us,82 Magnolia Drive,(02) 6275 7922
25,Mrs.,Brianna,T,Wardlaw,1933-05-29,F,BriannaWardlaw@jourrapide.com,30 Martens Place,(07) 3323 0113
26,Mr.,Brodie,M,Howitt,1973-08-14,M,BrodieHowitt@dayrep.com,33 Albert Street,(07) 5660 0300
27,Mrs.,Alyssa,T,Greville,1938-01-29,F,AlyssaGreville@einrot.com,78 Devon Street,(08) 8282 3170
28,Mr.,Blake,C,Flinn,1954-04-04,M,BlakeFlinn@gustr.com,54 Mackie Street,(02) 4062 0811
29,Mr.,Jack,L,Crick,1980-09-06,M,JackCrick@dayrep.com,53 Carnegie Avenue,(08) 9061 4345
30,Mr.,Jai,T,Ramsbotham,1939-12-01,M,JaiRamsbotham@rhyta.com,2 Savages Road,(07) 3088 2491